{"information": {"/home/samuele/projects/robothon2023_ws/src/Robothon2023/robothon2023_vision/src/YOLOv6/data/custom_dataset/images/val/frame_150.png": {"shape": [1280, 720], "labels": [[0.0, 0.34296876192092896, 0.6152777671813965, 0.015625, 0.02777777798473835], [1.0, 0.36015623807907104, 0.5930555462837219, 0.015625, 0.02777777798473835], [2.0, 0.27812498807907104, 0.5152778029441833, 0.0234375, 0.0416666679084301], [3.0, 0.20859375596046448, 0.3055555522441864, 0.03125, 0.0555555559694767], [4.0, 0.24453124403953552, 0.6291666626930237, 0.00390625, 0.01805555634200573]]}, "/home/samuele/projects/robothon2023_ws/src/Robothon2023/robothon2023_vision/src/YOLOv6/data/custom_dataset/images/val/frame_151.png": {"shape": [1280, 720], "labels": [[0.0, 0.3695312440395355, 0.6888889074325562, 0.015625, 0.02777777798473835], [1.0, 0.390625, 0.6847222447395325, 0.015625, 0.02777777798473835], [2.0, 0.3453125059604645, 0.5444444417953491, 0.0234375, 0.0416666679084301], [3.0, 0.35078126192092896, 0.31388887763023376, 0.03125, 0.0555555559694767], [4.0, 0.28437501192092896, 0.612500011920929, 0.00390625, 0.01805555634200573]]}, "/home/samuele/projects/robothon2023_ws/src/Robothon2023/robothon2023_vision/src/YOLOv6/data/custom_dataset/images/val/frame_152.png": {"shape": [1280, 720], "labels": [[0.0, 0.586718738079071, 0.7277777791023254, 0.015625, 0.02777777798473835], [1.0, 0.6070312261581421, 0.7263888716697693, 0.015625, 0.02777777798473835], [2.0, 0.5625, 0.5874999761581421, 0.0234375, 0.0416666679084301], [3.0, 0.57421875, 0.3583333194255829, 0.03125, 0.0555555559694767], [4.0, 0.5062500238418579, 0.6583333611488342, 0.00390625, 0.01805555634200573]]}, "/home/samuele/projects/robothon2023_ws/src/Robothon2023/robothon2023_vision/src/YOLOv6/data/custom_dataset/images/val/frame_153.png": {"shape": [1280, 720], "labels": [[0.0, 0.27734375, 0.6986111402511597, 0.015625, 0.02777777798473835], [1.0, 0.2914062440395355, 0.7250000238418579, 0.015625, 0.02777777798473835], [2.0, 0.32734376192092896, 0.574999988079071, 0.0234375, 0.0416666679084301], [3.0, 0.43359375, 0.44999998807907104, 0.03125, 0.0555555559694767], [4.0, 0.23281249403953552, 0.4972222149372101, 0.00390625, 0.01805555634200573]]}, "/home/samuele/projects/robothon2023_ws/src/Robothon2023/robothon2023_vision/src/YOLOv6/data/custom_dataset/images/val/frame_154.png": {"shape": [1280, 720], "labels": [[0.0, 0.49140626192092896, 0.33888888359069824, 0.015625, 0.02777777798473835], [1.0, 0.47734373807907104, 0.3652777671813965, 0.015625, 0.02777777798473835], [2.0, 0.5648437738418579, 0.4124999940395355, 0.0234375, 0.0416666679084301], [3.0, 0.6499999761581421, 0.5861111283302307, 0.03125, 0.0555555559694767], [4.0, 0.6015625, 0.24444444477558136, 0.00390625, 0.01805555634200573]]}, "/home/samuele/projects/robothon2023_ws/src/Robothon2023/robothon2023_vision/src/YOLOv6/data/custom_dataset/images/val/frame_155.png": {"shape": [1280, 720], "labels": [[0.0, 0.6148437261581421, 0.26249998807907104, 0.015625, 0.02777777798473835], [1.0, 0.594531238079071, 0.2750000059604645, 0.015625, 0.02777777798473835], [2.0, 0.6546875238418579, 0.3986110985279083, 0.0234375, 0.0416666679084301], [3.0, 0.6734374761581421, 0.625, 0.03125, 0.0555555559694767], [4.0, 0.737500011920929, 0.29027777910232544, 0.00390625, 0.01805555634200573]]}, "/home/samuele/projects/robothon2023_ws/src/Robothon2023/robothon2023_vision/src/YOLOv6/data/custom_dataset/images/val/frame_156.png": {"shape": [1280, 720], "labels": [[0.0, 0.38359373807907104, 0.24027778208255768, 0.015625, 0.02777777798473835], [1.0, 0.3656249940395355, 0.21944443881511688, 0.015625, 0.02777777798473835], [2.0, 0.3539062440395355, 0.3847222328186035, 0.0234375, 0.0416666679084301], [3.0, 0.26249998807907104, 0.5569444298744202, 0.03125, 0.0555555559694767], [4.0, 0.44921875, 0.4208333194255829, 0.00390625, 0.01805555634200573]]}, "/home/samuele/projects/robothon2023_ws/src/Robothon2023/robothon2023_vision/src/YOLOv6/data/custom_dataset/images/val/frame_157.png": {"shape": [1280, 720], "labels": [[0.0, 0.38359373807907104, 0.24444444477558136, 0.015625, 0.02777777798473835], [1.0, 0.3656249940395355, 0.2222222238779068, 0.015625, 0.02777777798473835], [2.0, 0.3539062440395355, 0.38749998807907104, 0.0234375, 0.0416666679084301], [3.0, 0.26249998807907104, 0.5611110925674438, 0.03125, 0.0555555559694767], [4.0, 0.44921875, 0.42500001192092896, 0.00390625, 0.01805555634200573]]}}, "image_hash": "7e5209934c18ae803f075b1bc9210a6c", "label_hash": "f3bef88f9dab0196035fdb2d6a1b9b40"}